Sl. Number,Exhibitors Name,Buisness Domain,Service/Product,Networth,CEO,CTO,HQ,Customers
1,7Generation LLC,IT & Telecom Data Analytics,"AI-driven telecom traffic analysis, lawful interception, OSINT & SIGINT solutions",<$5M,Dauren Tulebaev,Kakhar Kashimov,"Astana, Kazakhstan","Telecom operators, government agencies, corporate clients"
2,Acceleronix B.V.,IoT Connectivity & Platform Solutions,"IoT platform (AcceleronixCore), global SIM connectivity, eSIM solutions, consultancy",€300k,Gal Olshinka,Jeremy Tan (Head of APAC),"Amsterdam, Netherlands","OEMs, enterprises in IoT and telecom sectors"
3,Advance Solutions,Digital Transformation & IT Advisory,"ServiceNow implementation, cloud-based service management, workflow apps",$64.4M,Gaurav Kochhar,Parshant Dhand,"Alpharetta, Georgia, USA","Financial services, healthcare, retail, public sector"
4,Advanced Communications & Electronics Systems Co (ACES,Telecom Infrastructure & ICT Solutions,"Neutral Host services, EPC contracting, data centers, cybersecurity, smart solutions",$111M,Dr. Akram Aburas,Khalid Almashouq,"Riyadh, Saudi Arabia","Telecom operators, oil & gas, government, utilities"
5,Advanced Innovation Trading Company,Smart Logistics & Automotive Services,"Morni platform (roadside assistance, auctions, parking solutions)",,Salman Al-Suhaibaney,Not listed,"Riyadh, Saudi Arabia","Insurance companies, car dealerships, corporate fleets"
6,AGrandTech Limited,Telecom Core Network Solutions,"2G/3G/4G/5G core network products, IMS, OCS, SMSC, satellite optimization",,Weicai Luo,Not listed,Hong Kong SAR,"Mobile network operators, enterprise private networks"
7,AirPro Technology India Pvt Ltd,Networking & Wireless Solutions,"Wired/wireless networking products, IoT solutions",₹15.6 Cr (FY 2022),Deepak Jain,Not listed,"Jaipur, Rajasthan, India","Enterprises, telecom operators"
8,Al Babtain LeBLANC Emirates Telecommunication Systems LLC,Telecom & Digital Infrastructure,"Turnkey telecom solutions, IoT, smart city infrastructure, 5G networks",Subsidiary of Al-Babtain Group,Not listed,Not listed,"Dubai, UAE","Telecom operators, government, defense, energy sectors"
9,Al Jammaz Technologies,Technology Distribution,"Advanced IT solutions (cloud, IoT, cybersecurity, data centers)",$61M,Asim AlJammaz,Not listed,"Riyadh, Saudi Arabia","Cisco, Dell EMC, Lenovo, Honeywell, government & enterprise clients"
10,Al Thanayyan International One Person Company FZCO,Consumer Electronics Distribution,"Mobile phones, accessories, e-commerce solutions",$3.9M,Mahmoud Tawfiq,Not listed,"Dubai, UAE","Apple, Samsung, regional retailers"
11,Alepo Technologies Inc.,Telecommunications & Digital Solutions,"OSS/BSS platforms, Generative AI-powered telecom solutions",$30.2M,Sunil Diaz,Vikram Damle,"Austin, Texas, USA","Global telecom operators, ISPs, enterprise networks"
12,Algotech d.o.o. Beograd,Unified Communications & Contact Center Solutions,"Enterprise communication systems, AI chatbots, video transmission",$9.5M,Vasa Šegrt,Marko Nikolic,"Belgrade, Serbia","Telecom, finance, healthcare, logistics sectors"
13,AMDIE,Government Trade & Investment Promotion,"Export facilitation, investment advisory, trade partnerships",200B MAD,Ali Seddiki,Not applicable,"Rabat, Morocco","International investors, Moroccan exporters"
14,Amira AI - almost human,Artificial Intelligence & Human-AI Interaction,"Conversational AI, multimodal AI systems",$2B,Mira Murati,Mira Murati,"San Francisco, USA","AI research institutions, enterprise AI adopters"
15,Amplicon Middle East,Industrial IoT & Automation,"Edge AI systems, industrial routers, SCADA solutions",$5M–$10M,Ang Kwang Tat,Not listed,"Dubai, UAE","Etisalat, DEWA, ADNOC, Dubai Police"
16,"ANGEL TRADE CO., LTD",Global Trade & Distribution,"Import/export logistics, Xiaomi ecosystem distribution",,Artur Levitan,Not listed,Hong Kong SAR,"Xiaomi, regional B2B retailers"
17,ANKAREF INOVASYON VE TEKNOLOJI A.S.,IoT & Smart Solutions,"AI-powered IoT platforms, smart city solutions",$6.8M,Ali Erhan Binici,Hüseyin Yaşar,"Ankara, Turkey","Public sector, defense, retail, healthcare"
18,ANTlabs Pte. Ltd.,Network Solutions for Hospitality & Telco,"Carrier WiFi, hotel internet billing, bandwidth management",$27.9M,Ang Kwang Tat,Wee Tuck Teo,Singapore,"Hotels, airports, telecom operators"
19,AppXite,Cloud Commerce & Subscription Management,"SaaS marketplace platform, billing & invoicing solutions",€13.9M,Nicolas Albana,Valentin Garkavy,"Riga, Latvia","Distributors, MSPs, SaaS vendors"
20,Arabian Business,Media & Publishing,"Business news, tech coverage, event media partnerships", $87.4M (ITP Media Group),Not listed,Not applicable,"Dubai, UAE","Regional businesses, advertisers, event organizers"
21,"Aroot Co., Ltd",Computer Hardware & Printing Solutions,"POS printers, mobile printers, RFID printers, Smart AIDC solutions",KRW 46.83B,Dong Kun Seomun,Not listed,"Osan-si, South Korea","Retail, hospitality, logistics, healthcare sectors"
22,Astra Wireless Technology FZ-LLC,Wireless Communication Systems,"High-performance wireless radios, antennas, network planning services",$301K,Not listed,Not listed,"Ras Al Khaimah, UAE","Telecom operators, mining, transportation, government sectors"
23,Astrome Technologies Pvt Ltd,Satellite Communication & Wireless Backhaul,"LEO satellite internet, millimeter-wave wireless backhaul solutions",$30M,Neha Satak,Prasad H L Bhat,"Bengaluru, India","Telecom carriers, satellite operators, government agencies"
24,astTECS GmbH,Unified Communication & VoIP Solutions,"AI-powered IP PBX, call center solutions, VoIP services","€25,000 capital",Dr. Devasia Kurian,Joerg Scholz,"Berlin, Germany & Bengaluru, India","Enterprises in 55+ countries (hospitality, healthcare, SMEs)"
25,Babbar FZCO,Wholesale Electronics & Global Trade,"Mobile phones, tablets, accessories (Apple products focus)",$1.03M,Not listed,Guillaume Pitel,"Dubai Airport Free Zone, UAE","Apple distributors, global B2B electronics buyers"
26,Beyon,Telecommunications & Digital Services,"Mobile, broadband, cybersecurity, fintech, cloud solutions",BHD 582M,Andrew Tor Kvalseth,Rashed Mohamed,"Manama, Bahrain","Telecom subscribers, enterprises, government"
27,Birla Cable Limited,Telecom Cable Manufacturing,"Optical fiber cables, copper telecom cables, structured LAN cables",₹582 Cr,R. Sridharan,Not listed,"Rewa, Madhya Pradesh, India","Telecom operators, defense, railways"
28,BlackBerry UK Limited,Cybersecurity & Enterprise Software,"Secure communications, endpoint management, IoT security",$2.7B,John Joseph Giamatteo,Not listed,"London, UK","Governments, automotive OEMs, enterprises"
29,BPC Energy Limited,Power Protection & UPS Solutions,"Uninterruptible Power Supply (UPS), battery systems, solar integration",$8.3M,Malcolm Henley,Matthew Henley,"Romsey, Hampshire, UK","Data centers, telecom, emergency services, industrial clients"
30,Briticom,Passive Cabling & Data Center Solutions,"Copper cabling systems, fiber-optic products, racks & enclosures",£1.11M,Wadii Kherfani,Not listed,"Northampton, UK","Data centers, telecom operators, smart home integrators"
31,BroadNet Technologies LLC,Global Messaging & Telecom Services,"Bulk SMS, A2P SMS, HLR Lookup, SMS Firewall, SMSC Gateway",$282.4M,Rabih Abdul Fattah El Zubaidi,Jorge Bustamante,"Dubai, UAE","Telecom operators, enterprises, GSMA members"
32,C4Line Co.,IP Networking & Connectivity Solutions,"Ethernet over Coax/UTP/2Wire, IP camera connectivity, VoIP solutions",$4M,Sung Kim,Not listed,"Osan-si, South Korea","OEMs, security integrators, smart building projects"
33,CALLANYWHERE,VoIP & Cloud Communication,"Cloud PBX, SIP trunking, international calling solutions",$16.6M,Not listed,Not listed,"Mississauga, Ontario, Canada","SMEs, telecom resellers"
34,Cambridge Industries USA Inc,Telecom Equipment & Optical Networking,"Optical broadband CPE, FTTH solutions, wireless access devices",$195.2M,Gerald Wong,Not listed,"Santa Clara, California, USA","Telecom carriers, ISPs, OEMs"
35,Cell Axis FZE,Mobile Device Distribution,Samsung mobile phones & tablets wholesale,,Not listed,Sarfaraz Aslam,"Dubai Airport Free Zone, UAE","Retailers, B2B electronics buyers"
36,Cell Nation FZE - AE,Consumer Electronics & Mobile Distribution,"Mobile phones (Apple, Samsung, Nokia), accessories",<$5M,Manpreet Singh,Not listed,"Dubai Airport Free Zone, UAE","Global wholesalers, online retailers"
37,Celltel Middle East FZCO,Mobile Device Import & Distribution,"Smartphones, accessories (Apple, Samsung, Huawei, etc.)",$2.8M,Haji Feroz,Not listed,"Dubai Airport Free Zone, UAE","Regional distributors, telecom retailers"
38,"Changzhou CO-NET Electronic Technology Co., Ltd",Fiber Optic Components & Passive Devices,"PLC splitters, FTTH boxes, cable assemblies, splice closures",<$5M,Not listed,Not listed,"Changzhou, Jiangsu, China","Telecom operators, data centers, OEMs"
39,"
China Mobile International",Global Telecom & Connectivity Solutions,"Voice, SMS, roaming, cloud, IDC, IoT services",$243B (parent company),He Biao,Ricky Lo,Hong Kong SAR,"Global carriers, enterprises, mobile users"
40,Cloudiogram,Cybersecurity & Cloud Solutions,"Managed cybersecurity, SD-WAN, SASE, cloud migration services",<$5M,Maher Al Sharif,Not listed,"Toronto, Ontario, Canada",Enterprises adopting cloud & security solutions
41,Cluster TIC Galicia,Technology Cluster & IT Services,"Digital transformation, cybersecurity, cloud, AI solutions for member companies",$20.6M,Oscar Santos,Not listed,"Santiago de Compostela, Galicia, Spain","Regional tech firms, government, telecom operators"
42,COMBA TELECOM,Wireless Infrastructure & Network Solutions,"Base station antennas, DAS, small cells, Open RAN solutions",$4.5B,Fok Tung Ling,Sun Shan Qiu,Hong Kong SAR,"Mobile operators, smart city projects, airports, government"
43,Comtinu,Telecom Integration & Homeland Security,"Telecom solutions, energy infrastructure, security systems",$4.5M,Camille Abusaba,Not listed,"Dubai, UAE","VIAVI Solutions, IP Infusion, Bridgewave, Calix"
44,Connect Communication FZCO,Mobile Device Trading & Distribution,"Smartphones, accessories, 5G devices, wearables",<$5M,Moses,Not listed,"Dubai Airport Free Zone, UAE","Samsung, regional mobile retailers"
45,"D-TEG Co.,Ltd.",Automotive CCTV & Video Telematics,"LTE dash cameras, vehicle DVR systems, cloud-based telematics",$2M,Kim Keun Yong,Hyunsang Lee,"Seongnam, Gyeonggi-do, South Korea","Fleet operators, insurance companies, law enforcement"
46,"Dawnergy Technologies (Shanghai) Co.,Ltd",Fiber Optic Solutions,"Fiber optic cables, splitters, distribution boxes, FTTH solutions",$60M–$62M,Peter Bi,Not listed,"Songjiang District, Shanghai, China","China Telecom, China Mobile, Telefonica, Airtel"
47,Dubai Computer Group (DCG),IT Trade Association,"Networking platform for IT distributors, resellers, system integrators",$2.5M,Ashok Kumar,Not applicable,"Dubai, UAE","200+ IT companies, Dubai Chamber of Commerce"
48,Dexatel,Cloud Communication & CPaaS,"SMS APIs, omnichannel messaging, secure communication solutions",$25M,Gegham Azatyan,Neil Salyer,"Tallinn, Estonia","Enterprises in banking, e-commerce, telecom"
49,Digital Data Communications (DDC),Network Infrastructure & IT Solutions,"Active/passive network components, IT security, connectivity solutions",$20M,Not listed,Not listed,"Dortmund, Germany","Data centers, telecom operators, enterprises"
50,Digitus,Digital Infrastructure & Network Solutions,"Fiber networks, wireless systems, AI-driven ICT solutions",$104M,Not listed,Neil Salyer,"Safat, Kuwait","Data centers, telecom operators, enterprises"
51,Dingli Corporation Ltd,Mobile Network Test & Measurement Solutions,"Drive test tools, 5G private network testing, IoT measurement, autonomous benchmarking",$550M,Ze Quan Xu,Eric Ye,"Zhuhai, China","Mobile operators, chipset vendors, regulatory bodies, telecom consultancies"
52,e& etisalat and,Global Telecom & Technology Group,"Mobile, broadband, cloud, AI, IoT, cybersecurity, fintech services",$16.1B,Hatem Dowidar,Erik Ekudden,"Abu Dhabi, UAE","198M subscribers across 38 countries; enterprises, governments"
53,East Photonics Inc.,Fiber Optic Components & Optical Networking,"WDM filters, PLC splitters, optical connectors, DWDM/CWDM modules",< $50M,Ho Joon Seok,Not listed,"Daejeon, South Korea","Telecom operators, SAN architects, ISP infrastructure providers"
54,Edgecore Networks Corporation,Open Networking & Data Center Solutions,"Ethernet switches (1G–800G), Wi-Fi access points, SDN/NOS platforms",$769.1M,Andy Wu,Max Chen,"Irvine, California, USA","Cloud data centers, telecom carriers, enterprises"
55,EDGESMART PTE. LTD.,Edge AI & Data Analytics,"Intelligent edge computing, FPGA-based embedded systems, telecom hardware",,Not listed,Not listed,Singapore,"Telecom operators, railways, energy, mining sectors"
56,Ekinops,Optical Transport & SD-WAN Solutions,"EKINOPS360 (WDM optical transport), OneAccess (uCPE), Compose (SD-WAN, edge cloud)",$104M,Didier Brédy,Philippe Moulin,"Lannion, France","Global telecom operators, managed service providers"
57,Eltex Enterprise Ltd.,Telecom Equipment Manufacturing,"GPON OLT/ONT, Ethernet switches, VoIP gateways, IPTV set-top boxes",$2.7M,Not listed,Not listed,"Novosibirsk, Russia","Rostelecom, Kazakhtelecom, ISPs in CIS & Eastern Europe"
58,ERICSSON AB DUBAI BRANCH,Telecom Infrastructure & 5G Solutions,"Mobile networks, cloud software, IoT platforms, managed services",$21B,Börje Ekholm,Erik Ekudden,"Dubai Internet City, UAE","Etisalat, du, regional telecom operators, enterprises"
59,EZELINK TELECOM LLC,Managed Wi-Fi & Telecom Solutions,"Wi-Fi-as-a-Service, captive portals, SD-WAN, network analytics",$13.5M,Maher Al Zarooni,Not listed,"Dubai, UAE","Hospitality, healthcare, transport, smart city projects"
60,"Fanvil Link Technology Co., Ltd.",Audio & Video IoT Communication Devices,"SIP phones, intercoms, video door phones, A&V-IoT solutions",$12.1M,Robbin Feng,Louis Chen,"Shenzhen, China","Enterprises, hospitality, education, security sectors"
61,FIBERME,Unified Communications & VoIP Solutions,"IP PBX, VoIP phones, video conferencing systems, SIP gateways",$5.7M,Tam Atteia,Tamer Galal,"McLean, Virginia, USA & Cairo, Egypt","SMEs, enterprises, telecom resellers"
62,"FICER TECHNOLOGY CO., LTD.",Fiber Optic Components & Networking Equipment,"Optical transceivers (up to 800G), DWDM platforms, fiber cables, passive components",$2.6M,Terence Yeh,Not listed,"Taipei, Taiwan","Data centers, telecom operators, OEMs"
63,"Flyin Group Co., Ltd",Fiber Optic Communication Components,"CWDM/DWDM multiplexers, optical switches, patch cords, optical transceivers",,Not listed,Not listed,"Shenzhen, Guangdong, China","Telecom operators, system integrators, ISPs"
64,GC INFORMTEKHNIKA,Telecom Equipment & Unified Communications,"Complex telecommunication projects, secure communication networks, UC systems",$66M,Artem Cheprak,Not listed,"Moscow, Russia","Gazprom, Transneft, Russian Railways, Rosatom"
65,Geolab Information Technology,Geospatial Intelligence & Smart City Solutions,"GIS platforms, satellite imagery, urban mobility analytics, infrastructure management",$1.8M,Yener Türkmenoğlu,Not listed,"Istanbul, Turkey","Municipalities, logistics firms, infrastructure developers"
66,Global Call Forwarding,Cloud Telephony & International Call Solutions,"Virtual phone numbers, SIP trunking, call routing, VoIP services",$5.5M,Thierry Genoyer,Not listed,"Delray Beach, Florida, USA","MoneyGram, Air Arabia, Novartis, Radisson Hotels"
67,Global Digital Innovation Network,Tech Innovation & Startup Acceleration,"Global expansion programs, IP consulting, investor matchmaking",$3.6B USD,Jongkap Kim,Not applicable,"Seongnam-si, Gyeonggi-do, South Korea","Korean tech startups, global accelerators, investors"
68,Globitel UAE (FZ) LLC,Telecom & Contact Center Solutions,"Roaming solutions, call recording, speech analytics, workforce optimization",$25.8M,Sharif Nabulsi,Wisam Ammori,"Amman, Jordan (UAE branch in Dubai)","Telecom operators, financial institutions, government agencies"
69,GNX B.V.,Global Connectivity & SD-WAN Solutions,"Carrier-neutral connectivity platform, DIA, MPLS, 5G, Starlink integration",$18.2M,Rutger Bevaart,Rick Mur,"Amsterdam, Netherlands","Enterprises, MSPs, global service providers"
70,GreenAds Global Pvt Ltd,Cloud Telephony & Enterprise Messaging,"Bulk SMS, WhatsApp Business API, RCS messaging, voice calls",$650K,Sandeep Kumar,Not listed,"Kochi, Kerala, India","Automotive, retail, BFSI, e-commerce brands"
71,"Guangdong Amplitec Tech Development Co.,Ltd",Mobile Signal Enhancement & Jammer Solutions,"Mobile signal repeaters, fiber optic repeaters, SDR-based jammers, drone countermeasures",$2.5M–$10M,Shi Qingpu,Not listed,"Foshan, Guangdong, China","China Mobile, China Unicom, telecom operators, security agencies"
72,Guanwei Technology,IoT & Smart Tech Solutions,"Indoor positioning systems (uGPS), smart city infrastructure, electronics manufacturing",$3M,Jihoon Ryoo,Not listed,"Incheon, South Korea","Smart city projects, transportation authorities, infrastructure developers"
73,"Hangzhou Zion Communication Co., Ltd",ICT Cabling & Fiber Solutions,"Fiber optic cables, copper cabling systems, security cables, network accessories",< $5M,Xu Yongfan,Not listed,"Lin’an, Zhejiang, China","Data centers, ISPs, telecom operators, building infrastructure projects"
74,"Hengtong Optic-Electric Co., Ltd",Fiber Optic Communication & Power Transmission,"Optical fiber cables, submarine cables, smart grid systems, EPC services",$8.53B,Jianfeng Zhang,Yan Wu,"Suzhou, Jiangsu, China","Global telecom operators, energy utilities, marine engineering projects"
75,Honeywell Middle East,Industrial Automation & Smart Infrastructure,"Building automation, IoT systems, cybersecurity, energy management solutions",$35B (global),Khaled Hashem,Sheila Jordan,"Dubai, UAE","Oil & gas, aviation, smart cities, government projects"
76,Hongan,Optical Fiber & Communication Cable Manufacturing,"Optical fiber preforms, cables, patch cords, passive optical network devices",$210M,Not listed,Not listed,"Weihai, Shandong, China","Domestic telecom operators, Belt & Road projects, global ISPs"
77,Hsing Chau Industrial Co. Ltd.,Structured Cabling & Network Components,"RJ45 connectors, patch panels, keystone jacks, fiber accessories",$4.7M,Wei Hao (Jerry Su),Maxwell Wang,"Taipei City, Taiwan","OEMs, ICT integrators, data centers"
78,"Hunan GL Technology Co.,Ltd",Fiber Optic Cable Manufacturing,"ADSS, OPGW cables, FTTH solutions, fiber accessories",$80M,Tan Long,Not listed,"Changsha, Hunan, China","State Grid projects, telecom operators, global infrastructure firms"
79,IDCITI / uGPS,GPS & Smart City Positioning Solutions,"Underground GPS (uGPS), indoor positioning systems, IoT navigation",$3M,Jihoon Ryoo,Not listed,"Incheon, South Korea","Smart city projects, transportation authorities, autonomous vehicle developers"
80,Identiko Integrated Solutions,IT Integration & Identity Management,"Biometric systems, access control, enterprise IT solutions, managed services",$4.3M,Babajide Agbaje,Not listed,"Ikeja, Lagos, Nigeria","Government agencies, banks, telecom firms, FMCGs"
81,Imaqliq Service LLC,Telecom Equipment & Smart Solutions,"IPTV/OTT set-top boxes, Wi-Fi6 routers, smart home controllers, radio relay systems",$11M,Dmitry Bazhenov,Not listed,"Saint Petersburg, Russia",Major telecom operators in Russia & CIS
82,Infosys Ltd.,IT Consulting & Digital Transformation,"AI, cloud, cybersecurity, ERP, Finacle banking platform, BPM services",$87B,Salil S. Parekh,Narsimha Rao Mannepalli,"Bengaluru, India","Fortune 500 companies across BFSI, retail, manufacturing, telecom"
83,INGECYS TECHNOLOGIES,Telecom & IT Services,"Network planning, optimization, IoT solutions, AI analytics, managed services",$12M,Hmad Chafiai,Not listed,"Rabat, Morocco","Telecom operators, regulators, smart city projects"
84,"INTEC E&C CO., LTD.",Optical Communication & RF Solutions,"Optical transceivers, RF modules, GNSS relay systems, drone communication modules",$5.8M,Soonmook Lee,Not listed,"Gunpo-si, Gyeonggi-do, South Korea","Data centers, telecom operators, 5G infrastructure providers"
85,ITP.NET (Media Group),Media & Publishing,"Digital media, influencer marketing, events, magazines (Arabian Business, Time Out)",$87.4M,Ali Akawi,Subahar Ramasamy,"Dubai Media City, UAE","Regional businesses, luxury brands, advertisers"
86,Kaer,Cooling-as-a-Service (CaaS),Sustainable cooling systems for commercial & industrial buildings,$350M,Justin Taylor,Not listed,Singapore,"Real estate developers, data centers, malls"
87,KazAeroSpace LLP,Geospatial & Aerospace Tech,"GIS systems, AR/VR/MR solutions, aerospace monitoring, remote sensing",$5M,Baglan Kaziev,Not listed,"Astana, Kazakhstan","Government agencies, defense, infrastructure developers"
88,KingType,Broadcast & Fiber Optic Equipment,"GPON OLT/ONU, CATV systems, Wi-Fi routers, optical amplifiers",$100M,Yongqing Long,Not listed,"Chengdu, Sichuan, China","Huawei, Broadcom, Qualcomm, telecom operators"
89,"KNET Co., Ltd",Telecom Infrastructure Solutions,"Polyethylene pipes, microduct systems, fiber optic deployment solutions",$15M,Seongnam Seo,Not listed,"Seoul, South Korea","Global telecom operators, broadband network projects"
90,KREEMO Inc.,Advanced Antenna & Wireless Solutions,"Transparent antennas, beamforming modules, 5G mmWave solutions",$6.23M,Hong Won-bin,Jun-ho Park,"Seoul, South Korea","Mobile OEMs, defense, satellite communication firms"
91,KTI TRADING LLC,Wholesale & Import Distribution,"Foodservice products, retail food items, mobile accessories, outdoor gear",$10M–$15M,Savvoula Sichlidou,Not listed,"Windsor Locks, Connecticut, USA","Supermarkets, foodservice chains, e-commerce retailers"
92,Lanbowan Communication Ltd,Wireless Communication & Antenna Solutions,"Wi-Fi, LTE, 5G antennas, wireless bridges, IoT connectivity devices",$196K,Not listed,Not listed,"Foshan, Guangdong, China","Telecom operators, ISPs, smart city projects"
93,LIGHTX,Optical Interconnection & High-Speed Networking,"Optical transceivers (1G–800G), cables for AI clusters, data centers",,Jean-Mathieu Gagnon,Not listed,"Shenzhen, China","Data centers, AI infrastructure providers, telecom operators"
94,Limart FZCO,Mobile Security & Smart Card Solutions,"SIM cards (UICC, eSIM), NFC cards, personalization systems, RSP services",<$5M,Not listed,Not listed,"Dubai, UAE","Telecom operators, IoT solution providers, government ID projects"
95,"Linkreal Co., Ltd.",Ethernet & Storage Expansion Solutions,"Network interface cards (NIC), storage adapters, IoT gateways",$10M+,Not listed,Not listed,"Shenzhen, Guangdong, China","Data centers, industrial automation, cloud computing providers"
96,LongXing,Telecom Infrastructure & Cabling Solutions,"Fiber optic systems, ODF/DDF, network cabinets, PDUs, splice closures",$258M,Liang Wei,Not listed,"Shahe, Hebei, China","China Telecom, China Mobile, global telecom operators"
97,Maipu,Networking & Connectivity Solutions,"Routers, switches, wireless devices, SDN applications, unified communications",$35.94M,Hua Xin,Not listed,"Chengdu, Sichuan, China","Government, telecom, banking, energy sectors"
98,Manhattan & Intellinet Network Solutions | IC Intracom,Connectivity & Networking Products,"PoE switches, cables, adapters, network cabinets, AV solutions",$19.8M,Not listed,Not listed,"Oldsmar, Florida, USA","IT distributors, system integrators, OEM partners"
99,Mannapov LLC,Mobile Device Distribution & Reverse Logistics,"Wholesale used cellphones, asset recovery, recycling, data sanitization",$11.2M,Ildar Mannapov,Rafael Nieves,"Boerne, Texas, USA","US mobile carriers, insurance companies, repair stores"
100,MCI (Mobile Communications of Iran),Telecom & Digital Services,"Mobile voice/data, 3G/4G/5G, IoT, fintech, cloud platforms",$750M–$1B,Mehdi Akhavan Behabadi,Pedram Far,"Tehran, Iran","80M+ subscribers, enterprises, government agencies"
101,MIDDLE EAST FIBER CABLE MANUFACTURING CO,Fiber Optic Cable Manufacturing,"Optical fiber cables, FTTH solutions, air-blown cables, accessories",$50M+,Khaled Al-Natour,Not listed,"Riyadh, Saudi Arabia","Saudi Aramco, STC, Mobily, ITC, DEWA, Zain, Qatar Oil & Gas"
102,"Nanjing Jilong Optical Communication Co., Ltd - CN",Optical Fiber Splicing & Test Equipment,"Fusion splicers, OTDR, optical power meters, fiber cleavers",$10M+,Zhao Jian,Not listed,"Nanjing, Jiangsu, China","Telecom operators, research institutes, global fiber installers"
103,NETSCOUT Systems Inc,Network Performance & Cybersecurity Solutions,"nGeniusONE, Arbor DDoS protection, Omnis Cyber Investigator",$1.77B,Anil Singhal,Bruce Kelley Jr.,"Westford, Massachusetts, USA","Enterprises, telecom operators, government agencies"
104,NGT TECHNOLOGY,IT Solutions & Managed Services,"Peplink SD-WAN, 5G routers, BizCentric ERP, cloud services",$969K,Mohamad AlGhabra,Not listed,"Lawrenceville, Georgia, USA (Regional HQ: Dubai, UAE)","SMEs, enterprises, government IT projects"
105,"Ningbo Newboao communication equipment Co.,Ltd",Structured Cabling & Fiber Optic Solutions,"Patch panels, keystone jacks, fiber optic adapters, PDUs",,Xiao Haifeng,Not listed,"Cixi, Ningbo, Zhejiang, China","China Telecom, China Mobile, global OEMs"
106,Nozomi Networks,OT & IoT Cybersecurity,"Guardian, Vantage, Arc endpoint agents, AI-driven threat detection",$1B,Edgard Capdevielle,Moreno Carullo,"San Francisco, California, USA","Energy, manufacturing, transportation, critical infrastructure"
107,Neo Space Group (NSG),Space Technology & Satellite Services,"Satellite communications, geospatial services, PNT, IoT",$1B+,Martijn Blanken,Mark Dickinson,"Riyadh, Saudi Arabia","Government agencies, aerospace firms, global connectivity providers"
108,"NURIFONS CO., LTD.",FTTH & Fiber Optic Solutions,"FTTH closures, fiber optic accessories, structured cabling",$1M–$5M,Jeong Yeon Lee,Not listed,"Daejeon, South Korea","Korea Telecom, SK Telecom, LG U+"
109,Oman Fiber Optic S.A.O.C,Fiber Optic Cable Manufacturing,"Optical fiber cables, telecom solutions, cable laying services",$50M–$100M,Mohammed Al Barashdy,Not listed,"Muscat, Oman","Telecom operators, oil & gas, defense, utilities"
110,ON-LINK,IT Services & Networking Solutions,"Managed IT services, cloud hosting, network integration",$9.6M,Ossama Selim,Not listed,"Cairo, Egypt","SMEs, telecom resellers, enterprise IT projects"
111,OPTOTECH CABLES,Fiber Optic Cable Manufacturing,"Optical fiber cables, telecom accessories, structured cabling systems",$6.9M,Shahid Ismail,Not listed,"Karachi, Pakistan","Etisalat, Afghan Telecom, regional ISPs"
112,OPWAY COMMUNICATION INC.,Optical Communication Solutions,"Optical transceivers (1G–400G), AOC/DAC cables, FTTH solutions",$5.3M,Bill Wu,Ning Ming,"Shenzhen, Guangdong, China","Data centers, telecom operators, cloud providers"
113,PAKISTAN TELECOM CABLES LIMITED,Telecom Cable Manufacturing,"Optical fiber cables, copper telecom cables, HDPE ducts",PKR 29.09B,Not listed,Not listed,"Hub Chowki, Balochistan, Pakistan","Government institutions, telecom operators, private sector"
114,Plan-S Satellite & Space Technologies,Satellite IoT & Earth Observation,"IoT connectivity satellites, Earth observation services, Space-as-a-Service",$400M,Tugay Güzel,Not listed,"Ankara, Türkiye","Energy, agriculture, logistics, disaster management sectors"
115,Planet Technology Corporation,IP Networking & Industrial IoT Solutions,"Ethernet switches, PoE systems, wireless LAN, IP telephony, surveillance",$299M,Ching-Kang Chen,Yi-Shen Shih,"New Taipei City, Taiwan","Enterprises, data centers, smart city projects"
116,Point Mobile & Delta Systems,Rugged Mobile Devices & IoT Solutions,"Enterprise handheld terminals, scanners, RFID readers, accessories",$80B,SK Kang,James Graves,"Seoul, South Korea","Retail, logistics, healthcare, government sectors"
117,"Potel Cable Group Co., Ltd.",Fiber Optic & Structured Cabling Solutions,"Optical fiber cables, copper cables, integrated wiring systems",$200M+,Wang Qiuping,Not listed,"Nanchang, Jiangxi, China","China Telecom, China Mobile, smart city projects"
118,Prayaag Technologies - IN,Fiber Optic Installation Tools & Machinery,"Cable blowing machines, splicing tools, fiber testing gadgets",₹10 lakh,Dayalan Bodi Venugopal,Not listed,"Chennai, Tamil Nadu, India","Telecom contractors, ISPs, infrastructure firms"
119,Premier Cables Private Limited,Telecom Cable Manufacturing,"Optical fiber cables, copper telecom cables, HDPE ducts",₹500 Cr.,Shahid Ismail,Not listed,"Karachi, Pakistan","Etisalat, Afghan Telecom, regional ISPs"
120,PROSE Technologies GmbH,Wireless Communication & Network Solutions,"BTS antennas, ORAN radios, microwave solutions, DAS systems",$155.2M,Heino Cumpanas,Yi-Shen Shih,"Freilassing, Germany","Vodafone, Huawei, Ericsson, global telecom operators"
121,Proximus Global,Digital Communications & CPaaS,"Unified communications, messaging APIs, fraud prevention, identity solutions",$20.4B,Seckin Arikan,Yaunese Aazibou,"Brussels, Belgium","Telecom operators, enterprises, OTT platforms"
122,Quantum Edge Distribution,IT Distribution & System Integration,"Cloud & AI solutions, cybersecurity, networking, emergency response systems",$4.3M,Aaron Terry,Srikanth Kanduri,"Dubai, UAE","Hospitality, banking, healthcare, public sector"
123,"Raisecom Technology Co., Ltd.",Telecom Access & Optical Networking,"Carrier Ethernet, GPON/EPON, PTN, OTN, industrial switches, IoT gateways",$1.19B,Li Yuejie,Von Chia,"Beijing, China","China Telecom, China Mobile, global ISPs"
124,Reach Digital L.L.C,Digital Transformation & IT Services,"AI, cloud, cybersecurity, mobility, big data, custom development",,Archit Batlaw,Rahul Issar,"Abu Dhabi, UAE","Government, BFSI, retail, telecom enterprises"
125,Refroid Technologies,Data Center Cooling & Thermal Management,"Liquid cooling systems, immersion cooling pods, battery thermal management",$27.8K,Satya Bhavaraju,Srikanth Kanduri,"Hyderabad, India","Data centers, HPC environments, EV manufacturers"
126,SAF Tehnika,Wireless Backhaul & IoT Solutions,"Microwave radios, spectrum analyzers, Aranet IoT sensors",$28.9M,Normunds Bergs,Didzis Liepkalns,"Riga, Latvia","Mobile operators, ISPs, government agencies"
127,Sama X,Satellite Internet & Connectivity Solutions,"Starlink-based broadband, maritime connectivity, enterprise data plans",,Amit Somani,Not listed,"Dubai, UAE","Governments, enterprises, remote communities"
128,"SHANDONG HUAXIN COMMUNICATION TECHNOLOGY CO.,LTD.",Fiber Optic Cable & Passive Components,"FTTH cables, patch cords, coaxial cables, 5G ancillary equipment",$14M,Zhang Lizhi,Not listed,"Zibo, Shandong, China","China Telecom, SARFT, global OEMs"
129,"Shenzhen Sopto Technology Co., Ltd",Optical Networking & ICT Solutions,"GPON/EPON, fiber transceivers, media converters, structured cabling",$27M,Not listed,Not listed,"Shenzhen, Guangdong, China","ISPs, data centers, telecom operators"
130,"Shinkwang I&C Co., Ltd.",Fiber Optic Components & FTTH Solutions,"Optical patch cords, PLC splitters, termination boxes, media converters",,Joung Sup Kim,Not listed,"Uiwang, Gyeonggi-do, South Korea","Telecom operators, data centers, military communication projects"
131,"Sichuan Yuantong Communicaion Co.,Ltd",Fiber Optic Cable & Communication Equipment,"Indoor/outdoor fiber optic cables, submarine cables, optical accessories",$300M,He Qingyun,Not listed,"Chengdu, Sichuan, China","China Telecom, China Mobile, global ISPs"
132,SKYLINE&TELARVO,Security & Network Management Solutions,"Brinks Home Security systems, OSS solutions for telecom and broadcast",$11.78M,Edwin Arroyave,Not listed,"Los Angeles, USA & Izegem, Belgium","Brinks Home Security, telecom operators, broadcasters"
133,SMPH Consulting INC. (Operating as WYRED),Private 5G Networks & Edge Solutions,"KYRO private LTE/5G platform, edge computing, IoT integration",,Shaun Mohammed,Paul Howarth,"Barrie, Ontario, Canada","Mining, energy, industrial automation sectors"
134,"Spideradio Telecommunication Technology Co., Ltd.",Wireless Access & Small Cell Solutions,"4G/5G base stations, mDAS, converged EPC & IMS platforms",$29.7M,Donnie Zee,Not listed,"Suzhou, Jiangsu, China","Mobile operators, IoT solution providers, smart city projects"
135,Suncomms Innovation Technology Co. Limited,Mission-Critical Communications & PTX Solutions,"Push-to-Talk over Cellular (PTX), MCX-ready terminals, dispatch systems",,Mohammed Shah,Not listed,Hong Kong SAR,"Public safety, emergency services, transportation, utilities"
136,Sunwin Trading FZCO,Mobile Device Distribution,"Apple iPhones, accessories, telecom trading",$35.36M,Not listed,Mary Flynn,"Dubai Airport Free Zone, UAE","GCC retailers, global resellers"
137,Sure Triumph Industrial Limited,Wireless CPE & Network Products,"4G/5G CPE devices, ODM/OEM network solutions",,Ziqiang Peng,Not listed,"Sha Tin, Hong Kong SAR","Telecom operators, enterprise connectivity providers"
138,"Suzhou Sutuo Communication Technology Co., Ltd",Optical Modules & Data Center Solutions,"High-speed optical transceivers (100G–800G), network cabinets, ODN devices",,Liu Bin,Not listed,"Suzhou, Jiangsu, China","Telecom operators, cloud data centers, equipment manufacturers"
139,SYROTECH NETWORKS,Fiber Optic & Networking Solutions,"GPON/FTTH solutions, optical transceivers, structured cabling",$24.8M,Anil Mittal,Not listed,"Noida, Uttar Pradesh, India","ISPs, data centers, telecom operators"
140,Tarana Wireless,Fixed Wireless Access & Broadband Solutions,"ngFWA platform (G1/G2), cloud-managed broadband systems",$1B,Basil Alwan,Dale Branlund,"Milpitas, California, USA",300+ ISPs across 24 countries
141,"TBK Telecom Co., Limited",Mobile phone distribution and trading,"OEM and branded smartphones, tablets, gaming products, IT products, accessories",Private company; financials not disclosed,Tuncay Aktay,Not publicly listed,"Kowloon Bay, Hong Kong","Retailers, distributors, wholesalers across Asia, Middle East, and Africa"
142,Telecom Worldwide Magazine Ltd.,Publishing and media,Trade magazines and B2B advertising for telecom and electronics industries,,Yu Wang So (Director),Not listed,"San Po Kong, Kowloon, Hong Kong","Telecom and electronics companies, government bodies, trade show participants"
143,Teletimes Media L.L.C.,"Telecom, Satellite, and ICT media","Industry publications, event coverage, research reports",Estimated revenue $5M (2023),Khalid Athar (Chief Editor),Not listed,"Dubai, UAE","Telecom operators, ICT companies, event organizers"
144,Tempo Communications,Test and measurement solutions for telecom,"Network analyzers, fiber tools, splicers, locators, wire tracing products",Estimated revenue $21M–$26.7M,Jason Butchko,Not listed,"Vista, California, USA","Telecom service providers, network installers"
145,Tianqi Satellite,,,,,,China,
146,TierOne,Telecom & IT solutions,"OSS/BSS solutions, network automation, virtualization, managed services",$10–15M,Not explicitly listed,Not listed,"Mississauga, Ontario, Canada",Telecom service providers globally
147,TRIGIANT,Communication equipment manufacturing,"Feeder cables, optical fiber cables, flame-retardant cables, RF components",Market Cap ~$75.8M; Revenue ~$335M (2024),Lirong Qian,Guo Qiang Jiang,"Yixing, Jiangsu, China","Telecom operators, infrastructure providers"
148,TrueConf,Video conferencing & unified communications,"Secure video conferencing software, VoIP, collaboration tools",$7.3M–$21M,Dmitry Odintsov,Stanislav Soldatov,"Moscow, Russia","Enterprises, government, education, healthcare"
149,ULAK COMMUNICATIONS,Telecom infrastructure & defense-grade communication,"4.5G/5G base stations, SD-WAN, SD-DC, SD-Security",~$4.4M,Zafer Orhan,Aziz Sever,"Ankara, Turkey","Turk Telekom, Turkcell, Vodafone, Turkish government projects"
150,Ulefone,Rugged smartphones & accessories,"Rugged Android smartphones (IP68/IP69K, MIL-STD-810H), tablets",~$39.9M,Ansen Xiong,Not listed,"Shenzhen, China","Outdoor professionals, industrial sectors"
151,Velter LLC,Digital privacy & security products,"Faraday bags, signal-blocking cases, RFID protection wallets",,Not publicly listed,Not listed,"Ajman, UAE","Government agencies, security firms, privacy-conscious consumers"
152,VOIPTECH SOLUTIONS,VoIP & telecom solutions,"VoIP platforms, SMS services, DID & TFN, cloud call center systems",$4.1M,Dwivendu Moharana,Not listed,"Bhubaneswar, India",500+ global clients across telecom and enterprise sectors
153,"WANMA TECHNOLOGY CO., LTD.",Communication & medical information equipment,"Optical fiber products, telecom cabinets, data center solutions",Market Cap ~¥5.9B (~$810M); Revenue ~¥552M (2024),Nan Yan,Guo Qiang Jiang,"Hangzhou, China","China Mobile, China Telecom, ZTE, FiberHome"
154,Wasin Fujikura,Optical fiber & cable manufacturing,"Single-mode & multi-mode fibers, ADSS cables, FTTH solutions", $54M,Not listed,Not listed,"Nanjing, China","Telecom operators, industrial networks, global clients"
155,WINNCOM TECHNOLOGIES CAMBIUM NETWORKS,Wireless networking & broadband solutions,"Fixed wireless, Wi-Fi 6/6E, cnWave 60GHz, network management",Winncom revenue ~$67.4M; Cambium ~$300M+,Gregory Raskin,Not listed,"Solon, Ohio, USA","ISPs, telecom operators, enterprise networks"
156,"Wonderful Hi-Tech Co., Ltd.",Cable manufacturing,"LAN cables, fiber optic cables, automotive wires",Revenue NT$8.1B,Not listed,Not listed,Taiwan,"OEMs, telecom providers"
157,"XDK Communication Equipment (Huizhou) Co., Ltd",Fiber optic products,"Patch cords, adapters, splitters, ODFs",,Not listed,Not listed,"Huizhou, China",Telecom and data center clients
158,"Xiamen Four-Faith Communication Technology Co., Ltd.",IoT & industrial communication,"Industrial routers, LoRa, NB-IoT, 5G gateways",,Not listed,Not listed,"Xiamen, China","Smart city, utilities, transportation"
159,"Yealink Network Technology Co., Ltd.",Unified communications & collaboration,"IP phones, video conferencing, headsets",Revenue ¥5.62B,David Liu,Not listed,"Xiamen, China","Global enterprises, telecom operators"
160,Yeeka,Industrial IoT & smart locks,"Smart padlocks, Bluetooth locks, access control",$1M USD,Not listed,Not listed,"Wenzhou, China","Logistics, warehousing, utilities"
161,YONGATEK MICROELECTRONICS,Semiconductors & IoT,"MCUs, SoCs, smart metering chips",,Ali Baran,Not listed,China,"Smart grid, IoT integrators"
162,"Yuyao Simante Network Communication Equipment Co., Ltd - CN",Network hardware,"Patch panels, keystone jacks, faceplates",$1M USD,Not listed,Not listed,"Yuyao, China","OEMs, telecom installers"
163,Zen Networks,Network automation & monitoring,"NOC services, OSS/BSS, network analytics",,Fayçal Noushi,Not listed,France,"Telecom operators, ISPs"
164,"ZHEJIANG GUANGDA PUTE COMMUNICATION TECHNOLOGY CO.,LTD.",Fiber optic components,"Connectors, adapters, splitters",,Han Xueguang,Not listed,"Zhejiang, China",Telecom OEMs
165,"Zhuhai Gotech Intelligent Technology Co., Ltd.",Smart home & IoT devices,"Set-top boxes, smart TVs, IoT gateways",$4M,Not listed,Not listed,"Zhuhai, China","Broadcasters, telecom operators"
166,ZTT Middle East DMCC,Telecom cables & power solutions,"Fiber optic cables, power cables, OPGW",Part of ZTT Group (Revenue ~$3.5B),Not listed,Not listed,"Dubai, UAE","Utilities, telecom operators, EPCs"
